{
  "title": "Brazzers",
  "alternative_name": "Porn site",
  "text": "Sept. 'The data contains 790,724 unique email addresses, and also includes usernames and plaintext passwords. (The set has 928,072 entries in all, but many are duplicates.'",
  "year": "2017",
  "organisation": "web",
  "method_of_leak": "hacked",
  "no_of_records_stolen": 790724,
  "data_sensitivity": 4000,
  "source_link": "http://motherboard.vice.com/read/nearly-800000-brazzers-porn-site-accounts-exposed-in-forum-hack",
  "source_name": "Motherboard"
}
