{
  "title": "Snapchat",
  "alternative_name": "",
  "text": "Apr. Indian hackers apparently leaked data they stole last year in response to Snapchat CEO allegedly stating they had no plans to expand to 'poor countries' like India. Snapchat have yet to confirm any leak.",
  "year": "2017",
  "organisation": "app",
  "method_of_leak": "hacked",
  "no_of_records_stolen": 1700000,
  "data_sensitivity": 1,
  "source_link": "http://www.bgr.in/news/indian-hacker-group-leaks-data-of-1-7-million-snapchat-users-after-ceos-poor-country-comments-report/",
  "source_name": null
}
