{
  "title": "Friend Finder Network",
  "alternative_name": "Parent company of Adult Friend Finder , Cams.com and Penthouse.com",
  "text": "Usernames, email addresses, passwords for sites including Adult Friend Finder and Penthouse.com. Passwords encrypted, but LeakedSource claims to be able to crack 99% of them.",
  "year": "2017",
  "organisation": "web",
  "method_of_leak": "hacked",
  "no_of_records_stolen": 412000000,
  "data_sensitivity": 1,
  "source_link": "http://www.zdnet.com/article/adultfriendfinder-network-hack-exposes-secrets-of-412-million-users/",
  "source_name": "ZDNet"
}
