{
  "title": "Mutuelle Generale de la Police",
  "alternative_name": "French police health insurance",
  "text": "Files uploaded to Google Drive by a 'malicious' employee. Data included home addresses. The leak came two weeks after a French police officer was murdered by ISIS-inspired attack.",
  "year": "2016",
  "organisation": "healthcare",
  "method_of_leak": "leak",
  "no_of_records_stolen": 112000,
  "data_sensitivity": 50000,
  "source_link": "http://www.bbc.co.uk/news/world-europe-36645519",
  "source_name": "BBC"
}
