{
  "title": "Privatization Agency of the Republic of Serbia",
  "alternative_name": "",
  "text": "A text file with personal data and financial documents were made publically available on their website.",
  "year": "2016",
  "organisation": "government",
  "method_of_leak": "leak",
  "no_of_records_stolen": 519396,
  "data_sensitivity": 20,
  "source_link": "http://www.shareconference.net/en/defense/personal-data-more-5-million-citizens-serbia-unlawfully-published",
  "source_name": "ShareConference"
}
