{
  "title": "Australian Immigration Department",
  "alternative_name": "",
  "text": "An employee of the agency inadvertently sent the passport numbers, visa details and other personal identifiers of all world leaders attending the G20 Brisbane summit to the organisers of the Asian Cup football tournament. Barack Obama, Vladimir Putin, Angela Merkel, Xi Jinping, Narendra Modi, David Cameron and many others.",
  "year": "2015",
  "organisation": "government",
  "method_of_leak": "accidentally published",
  "no_of_records_stolen": 500000,
  "data_sensitivity": 50000,
  "source_link": "http://www.theguardian.com/world/2015/mar/30/personal-details-of-world-leaders-accidentally-revealed-by-g20-organisers",
  "source_name": "Guardian"
}
