{
  "title": "AshleyMadison.com",
  "alternative_name": "US ex-marital affairs site",
  "text": "20th July 2015: DEVELOPING: Online hookup site for extra-marital affairs has been severely breached and the personal details of 37m users, as well as company financial records, threatened with release. Notorious hacking outfit The Impact Team has claimed responsibility. The hackers are demanding the shutdown of AM.com and other associated sites.",
  "year": "2015",
  "organisation": "web",
  "method_of_leak": "hacked",
  "no_of_records_stolen": 37000000,
  "data_sensitivity": 1,
  "source_link": "http://krebsonsecurity.com/2015/07/online-cheating-site-ashleymadison-hacked/",
  "source_name": "Krebson Security"
}
