{
  "title": "South Africa police",
  "alternative_name": "South Africa Police Service's anonymous whistleblowing website",
  "text": "Hacker collective 'Anonymous' hacked an anonymous whistleblowing website run by the South Africa Police Service (SAPS), revealing the identities of thousands of its users. The hack was in response to the massacre of 34 protesting miners at Marikana in August 2012.",
  "year": "2013",
  "organisation": "government",
  "method_of_leak": "hacked",
  "no_of_records_stolen": 16000,
  "data_sensitivity": 20,
  "source_link": "http://www.wired.co.uk/news/archive/2013-05/22/south-africa-whistleblower-leak",
  "source_name": "Wired"
}
