{
  "title": "Militarysingles.com",
  "alternative_name": "Online dating network for, you guessed it, military singles",
  "text": "Collective group LulzSec released a database of 163,792 names, usernames, e-mail addresses, IP addresses, and passwords of \"single\" military personnel.",
  "year": "2012",
  "organisation": "web, military",
  "method_of_leak": "accidentally published",
  "no_of_records_stolen": 180000,
  "data_sensitivity": 1,
  "source_link": "http://www.pcworld.com/article/252647/reborn_lulzsec_claims_hack_of_dating_site_for_military_personnel.html",
  "source_name": "PC World"
}
