{
  "title": "KT Corp.",
  "alternative_name": "Korean mobile carrier",
  "text": "Two suspects reportedly earnt an estimated $877,000 by selling the contact information and plan details of 8.7 million KT subscribers, almost half of the carrier's total customers.",
  "year": "2012",
  "organisation": "telecoms",
  "method_of_leak": "hacked",
  "no_of_records_stolen": 8700000,
  "data_sensitivity": 20,
  "source_link": "http://www.koreatimes.co.kr/www/news/biz/2012/07/113_116143.html",
  "source_name": "KoreaTimes"
}
