{
  "title": "Accendo Insurance Co.",
  "alternative_name": "",
  "text": "Mismailed letters which allowed some lines of sensitive information (medication name, date of birth, and member ID) to be visible through the envelope window. The mailings were addressed correctly and, to the knowledge of the company, were received by the intended recipients.",
  "year": "2011",
  "organisation": "healthcare",
  "method_of_leak": "poor security",
  "no_of_records_stolen": 180000,
  "data_sensitivity": 20,
  "source_link": "http://www.databreaches.net/?p=19198",
  "source_name": "DataBreaches"
}
