{
  "title": "Honda Canada",
  "alternative_name": "",
  "text": "Names, addresses and vehicle identification numbers were taken from the company’s eCommerce websites myHonda and myAcura",
  "year": "2011",
  "organisation": "retail",
  "method_of_leak": "poor security",
  "no_of_records_stolen": 300000,
  "data_sensitivity": 20,
  "source_link": "http://www.guelphmercury.com/news-story/2200845-honda-canada-hit-by-online-security-breach-283-000-car-owners-personal-data-stolen/",
  "source_name": "GuelphMercury"
}
