{
  "title": "Sega",
  "alternative_name": "",
  "text": "Information stolen during the hack includes names, birth dates, e-mail addresses and passwords from Sega Pass, a system for users interested in newsletters and for registering certain products.",
  "year": "2011",
  "organisation": "gaming",
  "method_of_leak": "hacked",
  "no_of_records_stolen": 1300000,
  "data_sensitivity": 20,
  "source_link": "http://www.zdnet.com/blog/gamification/sega-1-3-million-customer-records-hacked-lulzsec-promises-retribution/481",
  "source_name": "ZD Net"
}
