{
  "title": "Countrywide Financial Corp",
  "alternative_name": "Employee convicted of downloading millions of borrower files and selling the information to other loan officers.",
  "text": "mortgage lender",
  "year": "2011",
  "organisation": "financial",
  "method_of_leak": "inside job",
  "no_of_records_stolen": 2500000,
  "data_sensitivity": 20,
  "source_link": "http://latimesblogs.latimes.com/money_co/2011/09/man-convicted-in-huge-countrywide-data-theft-gets-8-months-in-prison.html",
  "source_name": "LATimes"
}
