{
  "title": "Sony Online Entertainment",
  "alternative_name": "",
  "text": "Hacked by LulzSec. In addition to the Sony Playstation Network breach, compromised 77 million records. More than 23,000 lost financial data, according to Sony.",
  "year": "2011",
  "organisation": "gaming",
  "method_of_leak": "hacked",
  "no_of_records_stolen": 24600000,
  "data_sensitivity": 300,
  "source_link": "http://www.computerworld.com/s/article/9216343/Sony_cuts_off_Sony_Online_Entertainment_service_after_hack",
  "source_name": "Computer World"
}
