{
  "title": "Emergency Healthcare Physicians, Ltd.",
  "alternative_name": "A Chicago emergency physician group",
  "text": "The stolen portable hard drive is believed to have contained records from 2003 to 2006 that included patient names, addressees, phone numbers, birth dates, Social Security numbers, and, in some cases, drivers' license numbers.",
  "year": "2010",
  "organisation": "healthcare",
  "method_of_leak": "lost / stolen media",
  "no_of_records_stolen": 180000,
  "data_sensitivity": 4000,
  "source_link": "http://www.healthcareinfosecurity.com/chicago-breach-affects-180000-a-2496",
  "source_name": "HHS"
}
