{
  "title": "US Dept of Defense",
  "alternative_name": "",
  "text": "\"According to a report to Congress, assessment forms of 72,000 service members who returned from deployment to Iraq or Afghanistan between Jan 1, 2007 to May 31, 2008 were breached. The forms ask for the service member's SSN,. Name, date of birth.\"",
  "year": "2009",
  "organisation": "military",
  "method_of_leak": "lost / stolen media",
  "no_of_records_stolen": 72000,
  "data_sensitivity": 20,
  "source_link": "http://www.idtheftcenter.org/artman2/publish/lib_survey/ITRC_2008_Breach_List.shtml",
  "source_name": "ITRC"
}
