{
  "title": "US National Guard",
  "alternative_name": "",
  "text": "About 131,000 former and current Army Guard members potentially affected  when a personal laptop owned by an Army Guard contractor was stolen. Database incuded names, Social Security Numbers, incentive payment amounts and payment dates.",
  "year": "2009",
  "organisation": "military",
  "method_of_leak": "lost / stolen computer",
  "no_of_records_stolen": 130000,
  "data_sensitivity": 20,
  "source_link": "http://www.idtheftcenter.org/artman2/publish/lib_survey/ITRC_2008_Breach_List.shtml",
  "source_name": "ITRC"
}
