{
  "title": "Virginia Prescription Monitoring Program",
  "alternative_name": "",
  "text": "A hacker, who was never arrested, demanded a $10 million ransom for a breach effecting 530,000 Virginians. Social security numbers may have been taken. The data was found in a database containing 35 million prescription records.",
  "year": "2009",
  "organisation": "healthcare",
  "method_of_leak": "hacked",
  "no_of_records_stolen": 500000,
  "data_sensitivity": 20,
  "source_link": "http://www.idtheftcenter.org/artman2/publish/lib_survey/ITRC_2008_Breach_List.shtml",
  "source_name": "ITRC"
}
