{
  "title": "Heartland",
  "alternative_name": "Independent payment processor",
  "text": "The biggest credit card scam in history, Heartland eventually paid more than $110 million to Visa, MasterCard, American Express and other card associations to settle claims related to the breach.",
  "year": "2009",
  "organisation": "financial",
  "method_of_leak": "hacked",
  "no_of_records_stolen": 130000000,
  "data_sensitivity": 300,
  "source_link": "http://www.forbes.com/sites/davelewis/2015/05/31/heartland-payment-systems-suffers-data-breach/#155d10312985",
  "source_name": "Guardian"
}
