{
  "title": "Starbucks",
  "alternative_name": "",
  "text": "A laptop was stolen that contained private information on 97,000 employees, including names, addresses and Social Security numbers. Employees tried to sue Starbucks in California winning their case in the appeals court before losing in the higher federal court as they were unable to prove any cognizable harm or injury.",
  "year": "2008",
  "organisation": "retail",
  "method_of_leak": "lost / stolen computer",
  "no_of_records_stolen": 100000,
  "data_sensitivity": 20,
  "source_link": "http://www.idtheftcenter.org/artman2/publish/lib_survey/ITRC_2008_Breach_List.shtml",
  "source_name": "ITRC"
}
