{
  "title": "Jefferson County",
  "alternative_name": "West Virginia, US",
  "text": "\"Jefferson County Clerk Jennifer Maghan said she unveiled a new online search tool that enabled residents and business professionals to access nearly 1.6 million documents that are stored in her office via their home computers\"",
  "year": "2008",
  "organisation": "government",
  "method_of_leak": "accidentally published",
  "no_of_records_stolen": 1600000,
  "data_sensitivity": 20,
  "source_link": "http://www.idtheftcenter.org/artman2/publish/lib_survey/ITRC_2008_Breach_List.shtml",
  "source_name": "ITRC"
}
