{
  "title": "University of Utah Hospitals & Clinics",
  "alternative_name": "stolen data tapes",
  "text": "The data tapes were stolen by petty thieves from an employee's car. According to police reports the thieves tried - and failed - to view the tapes using a VHS player.",
  "year": "2008",
  "organisation": "academic",
  "method_of_leak": "lost / stolen media",
  "no_of_records_stolen": 2200000,
  "data_sensitivity": 4000,
  "source_link": "http://www.idtheftcenter.org/artman2/publish/lib_survey/ITRC_2008_Breach_List.shtml",
  "source_name": "ITRC"
}
