{
  "title": "Norwegian Tax Authorities",
  "alternative_name": "",
  "text": "\"Tax authorities said they had accidentally sent CD-ROMs filled with the 2006 tax returns of nearly four million people living in Norway, a country of \njust 4.6 million inhabitants, to the editorial staff at national \nnewspapers, radios and television stations.\"",
  "year": "2008",
  "organisation": "government",
  "method_of_leak": "accidentally published",
  "no_of_records_stolen": 4000000,
  "data_sensitivity": 20,
  "source_link": "http://infowatch.com/node/1289",
  "source_name": "Info Watch"
}
